{"cameraMode":{"drawMode":0,"name":"Shaded","section":"Shading Mode"},"sceneLighting":true,"audioPlay":false,"sceneViewState":{"showFog":true,"showMaterialUpdate":false,"showSkybox":true,"showFlares":true,"showImageEffects":true,"showParticleSystems":true,"showVisualEffectGraphs":true,"m_FxEnabled":true},"in2DMode":false,"pivot":{"x":80.32778930664063,"y":90.2118148803711,"z":0.8333020210266113},"rotation":{"x":0.0004456461756490171,"y":0.9991012215614319,"z":-0.011391540989279747,"w":0.04198627918958664},"size":15.902920722961426,"orthographic":true}