{"cameraMode":{"drawMode":0,"name":"Shaded","section":"Shading Mode"},"sceneLighting":true,"audioPlay":false,"sceneViewState":{"showFog":true,"showMaterialUpdate":false,"showSkybox":true,"showFlares":true,"showImageEffects":true,"showParticleSystems":true,"showVisualEffectGraphs":true,"m_FxEnabled":true},"in2DMode":false,"pivot":{"x":24.858383178710939,"y":37.91152572631836,"z":-0.49670934677124026},"rotation":{"x":0.000058481135056354105,"y":0.9992403984069824,"z":-0.03899016231298447,"w":0.0014991991920396686},"size":36.09151840209961,"orthographic":false}
