{"cameraMode":{"drawMode":0,"name":"Shaded","section":"Shading Mode"},"sceneLighting":true,"audioPlay":false,"sceneViewState":{"showFog":true,"showMaterialUpdate":false,"showSkybox":true,"showFlares":true,"showImageEffects":true,"showParticleSystems":true,"showVisualEffectGraphs":true,"m_FxEnabled":true},"in2DMode":false,"pivot":{"x":59.20299530029297,"y":36.691261291503909,"z":1.4368066787719727},"rotation":{"x":-0.00017097160161938518,"y":0.9995760321617127,"z":-0.028495632112026216,"w":-0.005997459404170513},"size":33.59975814819336,"orthographic":true}
