{"cameraMode":{"drawMode":0,"name":"Shaded","section":"Shading Mode"},"sceneLighting":true,"audioPlay":false,"sceneViewState":{"showFog":true,"showMaterialUpdate":false,"showSkybox":true,"showFlares":true,"showImageEffects":true,"showParticleSystems":true,"showVisualEffectGraphs":true,"m_FxEnabled":true},"in2DMode":false,"pivot":{"x":-10.575920104980469,"y":60.01453399658203,"z":-44.04445266723633},"rotation":{"x":0.0009323218837380409,"y":0.999109148979187,"z":-0.029381878674030305,"w":0.03148290514945984},"size":85.59353637695313,"orthographic":true}