{"cameraMode":{"drawMode":0,"name":"Shaded","section":"Shading Mode"},"sceneLighting":true,"audioPlay":false,"sceneViewState":{"showFog":true,"showMaterialUpdate":false,"showSkybox":true,"showFlares":true,"showImageEffects":true,"showParticleSystems":true,"showVisualEffectGraphs":true,"m_FxEnabled":true},"in2DMode":false,"pivot":{"x":32.9041748046875,"y":21.03884506225586,"z":-0.18155813217163087},"rotation":{"x":-0.0004266634932719171,"y":-0.9994444251060486,"z":-0.030292661860585214,"w":0.014085132628679276},"size":20.43488121032715,"orthographic":false}