{"cameraMode":{"drawMode":0,"name":"Shaded","section":"Shading Mode"},"sceneLighting":true,"audioPlay":false,"sceneViewState":{"showFog":true,"showMaterialUpdate":false,"showSkybox":true,"showFlares":true,"showImageEffects":true,"showParticleSystems":true,"showVisualEffectGraphs":true,"m_FxEnabled":true},"in2DMode":false,"pivot":{"x":293.07965087890627,"y":59.89033508300781,"z":0.6346478462219238},"rotation":{"x":-0.0004951324663124979,"y":0.9994886517524719,"z":-0.025802116841077806,"w":-0.019191280007362367},"size":32.462615966796878,"orthographic":false}