{"cameraMode":{"drawMode":0,"name":"Shaded","section":"Shading Mode"},"sceneLighting":true,"audioPlay":false,"sceneViewState":{"showFog":true,"showMaterialUpdate":false,"showSkybox":true,"showFlares":true,"showImageEffects":true,"showParticleSystems":true,"showVisualEffectGraphs":true,"m_FxEnabled":true},"in2DMode":false,"pivot":{"x":55.182735443115237,"y":33.28959274291992,"z":-15.379949569702149},"rotation":{"x":0.00047464019735343754,"y":0.9995314478874207,"z":-0.022493261843919755,"w":0.020992737263441087},"size":27.978431701660158,"orthographic":true}