{"cameraMode":{"drawMode":0,"name":"Shaded","section":"Shading Mode"},"sceneLighting":true,"audioPlay":false,"sceneViewState":{"showFog":true,"showMaterialUpdate":false,"showSkybox":true,"showFlares":true,"showImageEffects":true,"showParticleSystems":true,"showVisualEffectGraphs":true,"m_FxEnabled":true},"in2DMode":false,"pivot":{"x":33.092498779296878,"y":24.341053009033204,"z":0.5887311697006226},"rotation":{"x":0.000058481135056354105,"y":0.9992403984069824,"z":-0.03899016231298447,"w":0.0014991991920396686},"size":24.832136154174806,"orthographic":false}