{"cameraMode":{"drawMode":0,"name":"Shaded","section":"Shading Mode"},"sceneLighting":true,"audioPlay":false,"sceneViewState":{"showFog":true,"showMaterialUpdate":false,"showSkybox":true,"showFlares":true,"showImageEffects":true,"showParticleSystems":true,"showVisualEffectGraphs":true,"m_FxEnabled":true},"in2DMode":false,"pivot":{"x":4.367287635803223,"y":52.034671783447269,"z":5.087149620056152},"rotation":{"x":-0.00010347903298679739,"y":0.9994007349014282,"z":-0.0029982116539031269,"w":-0.03449302539229393},"size":61.23250198364258,"orthographic":false}