{"cameraMode":{"drawMode":0,"name":"Shaded","section":"Shading Mode"},"sceneLighting":true,"audioPlay":false,"sceneViewState":{"showFog":true,"showMaterialUpdate":false,"showSkybox":true,"showFlares":true,"showImageEffects":true,"showParticleSystems":true,"showVisualEffectGraphs":true,"m_FxEnabled":true},"in2DMode":false,"pivot":{"x":37.25791549682617,"y":31.999181747436525,"z":1.8390026092529297},"rotation":{"x":-0.00010347903298679739,"y":0.9994007349014282,"z":-0.0029982116539031269,"w":-0.03449302539229393},"size":11.077018737792969,"orthographic":false}